convention_name,event_date,event_location,city,state,country,website_url
Amazing Art Expo Nashville 2026,**,**,**,**,**,**
Middle Georgia Con 2026,**,**,**,**,**,**
Peterborough ComiCon 2026,**,**,**,**,**,**
FT-LauderdaleCon 2026,**,**,**,**,**,**
Amazing Art Expo Louisville 2026,**,**,**,**,**,**
Fan Expo New Orleans 2026,**,**,**,**,**,**
Central Carolina Comic Con 2026,**,**,**,**,**,**
Hawaii Pop Con 2026,**,**,**,**,**,**
Kansas City Celebrity Comic Con 2026,**,**,**,**,**,**
Albuquerque Comic Con 2026,**,**,**,**,**,**
Fan Expo Portland 2026,**,**,**,**,**,**
UmbriaCon 2026,**,**,**,**,**,**
Wild-Con 2026,**,**,**,**,**,**
Central Florida Comic Con 2026,**,**,**,**,**,**
MegaCon Live Dublin 2026,**,**,**,**,**,**
NWA Comic Con 2026,**,**,**,**,**,**
Omaha Pop Expo 2026,**,**,**,**,**,**
Charlie's Comic Con 2026,**,**,**,**,**,**
Legion Comic Con 2026,**,**,**,**,**,**
Amazing Art Expo Dallas 2026ÊPostponed,**,**,**,**,**,**
Amazing Art Expo Knoxville 2026ÊPostponed,**,**,**,**,**,**
FrankfortCon 2026,**,**,**,**,**,**
Garden State Comic Fest: Winter Fest 2026,**,**,**,**,**,**
Peli Con 2026ÊPostponed,**,**,**,**,**,**
MegaCon Live London 2026,**,**,**,**,**,**
Pasadena Celebrity Comic Con 2026ÊCancelled,**,**,**,**,**,**
Atlanta Comic Convention 2026ÊPostponed,**,**,**,**,**,**
Lifetime Memory Eng Only 2026,**,**,**,**,**,**
Pasadena Comic Con 2026,**,**,**,**,**,**
SWFL Comic-Fest 2026,**,**,**,**,**,**
UI-Con 2026,**,**,**,**,**,**
Farpoint 2026,**,**,**,**,**,**
Comic-Con: The Cruise 2026,**,**,**,**,**,**
Exeter Comic-Con 2026,**,**,**,**,**,**
Huntingdon Valley Comic Fest 2026,**,**,**,**,**,**
LumaCon 2026,**,**,**,**,**,**
SSA+S Toracon 2026,**,**,**,**,**,**
Tasmin Summer Festival 2026,**,**,**,**,**,**
Tempe FanCon 2026,**,**,**,**,**,**
CalComicCon 2026,**,**,**,**,**,**
VerseCon 2026,**,**,**,**,**,**
Bowmanville ComiCon 2026,**,**,**,**,**,**
Amazing Art Expo Norcross/Duluth 2026,**,**,**,**,**,**
North Dallas Comic Con 2026ÊCancelled,**,**,**,**,**,**
Cobourg ComiCon 2026,**,**,**,**,**,**
NWI Comic-Con 2026,**,**,**,**,**,**
Big Lick Comic Con 2026,**,**,**,**,**,**
Collect-A-Con Atlanta 2026,**,**,**,**,**,**
Nashville Celebrity Comic Con 2026,**,**,**,**,**,**
Sheffield Comic-Con 2026,**,**,**,**,**,**
Teesside Comic-Con 2026,**,**,**,**,**,**
Colossalcon Cruise 2026,**,**,**,**,**,**
Amazing Art Expo Dallas 2026,**,**,**,**,**,**
Dundee Comic Con 2026,**,**,**,**,**,**
Comic Con Dornbirn 2026,**,**,**,**,**,**
Fan Expo Vancouver 2026,**,**,**,**,**,**
Atlanta Comic Convention 2026,**,**,**,**,**,**
East Bay Comic Con 2026,**,**,**,**,**,**
Leeds Super Comic-Con 2026,**,**,**,**,**,**
Worcester Comic Con 2026,**,**,**,**,**,**
City of Oaks ComicBook Odyssey 2026,**,**,**,**,**,**
Con Nooga 2026,**,**,**,**,**,**
Original Art Expo 2026,**,**,**,**,**,**
Pensacon 2026,**,**,**,**,**,**
Brighton Comic Con 2026,**,**,**,**,**,**
Charlie's Comic Con Arcadia 2026,**,**,**,**,**,**
Just Another Cosplay Contest 2026,**,**,**,**,**,**
Alaska ComiCon 2026,**,**,**,**,**,**
Collect-A-Con Miami-Fort Lauderdale 2026,**,**,**,**,**,**
NEPA Comic-Con 2026,**,**,**,**,**,**
Texoma Comic Con 2026,**,**,**,**,**,**
"Jersey Shore Comic Book ""Cabin Fever"" Show 2026ÊPostponed",**,**,**,**,**,**
Amazing Art Expo Knoxville 2026,**,**,**,**,**,**
Military HeroCon 2026,**,**,**,**,**,**
Zolocon 2026,**,**,**,**,**,**
Beyond Comicon 2026,**,**,**,**,**,**
Indie Book & Comic Expo 2026,**,**,**,**,**,**
Wilkes Comic Con 2026,**,**,**,**,**,**
Brazoria County Comic Con 2026,**,**,**,**,**,**
Happy Valley Comic & Collectibles Convention 2026,**,**,**,**,**,**
St. Pete Comic Con 2026,**,**,**,**,**,**
StocktonCon Winter 2026,**,**,**,**,**,**
SwampCon 2026,**,**,**,**,**,**
Emerald City Comic Con 2026,**,**,**,**,**,**
King-Con 2026,**,**,**,**,**,**
Blerdcon 2026,**,**,**,**,**,**
Military HeroCon 2026,**,**,**,**,**,**
Calgary Comic Book Show 2026,**,**,**,**,**,**
Clearwater Library Comic Con 2026,**,**,**,**,**,**
ComicWorx 2026,**,**,**,**,**,**
KingKon Comic Show 2026,**,**,**,**,**,**
Panama City Comics Convention 2026,**,**,**,**,**,**
ACEcon 2026,**,**,**,**,**,**
Cedar Falls Comic Con 2026,**,**,**,**,**,**
Coastal Comic Con 2026,**,**,**,**,**,**
Dublin Comic Con: Spring Edition 2026,**,**,**,**,**,**
ETSU-Con 2026,**,**,**,**,**,**
PeoriaCon 2026,**,**,**,**,**,**
Power Comic Con 2026,**,**,**,**,**,**
Retro Expo 2026,**,**,**,**,**,**
Bristol Comic Con 2026,**,**,**,**,**,**
Casa Grande Entertainment Convention 2026,**,**,**,**,**,**
Milton Keynes Mega Comic Con 2026,**,**,**,**,**,**
All-Con 2026,**,**,**,**,**,**
Big River Comic Convention 2026,**,**,**,**,**,**
DaggerCon 2026,**,**,**,**,**,**
Haywood Comic Con 2026,**,**,**,**,**,**
Huntsville Comic Convention 2026,**,**,**,**,**,**
Awesome Con 2026,**,**,**,**,**,**
Comic-Con Prague 2026,**,**,**,**,**,**
Fan Expo Cleveland 2026,**,**,**,**,**,**
La Mole 2026,**,**,**,**,**,**
Military HeroCon 2026,**,**,**,**,**,**
NorthEast ComicCon & Collectibles Extravaganza 2026,**,**,**,**,**,**
Permain Basin Comic Con X 2026,**,**,**,**,**,**
TFcon Los Angeles 2026,**,**,**,**,**,**
King Con Cruise 2026,**,**,**,**,**,**
Dupage Comic Con 2026,**,**,**,**,**,**
Power Comicon 2026,**,**,**,**,**,**
Shadow Con 2026,**,**,**,**,**,**
Sunrise Comic Con 2026,**,**,**,**,**,**
Collect-A-Con Houston 2026,**,**,**,**,**,**
Comic Con Scotland Aberdeen 2026,**,**,**,**,**,**
FantastiCon Toledo 2026,**,**,**,**,**,**
Hill Country Comicon 2026,**,**,**,**,**,**
Louisiana Comic Con 2026,**,**,**,**,**,**
Pop Culture Con 2026,**,**,**,**,**,**
San Diego Rocket Con 2026,**,**,**,**,**,**
Pittsburgh Indie Expo 2026,**,**,**,**,**,**
Sheffield Comic-Con 2026,**,**,**,**,**,**
Striking Comic Con Peterborough 2026,**,**,**,**,**,**
GalaxyCon Richmond 2026,**,**,**,**,**,**
MegaCon Orlando 2026,**,**,**,**,**,**
Amazing Art Expo San Diego 2026,**,**,**,**,**,**
MidSouthCon 2026,**,**,**,**,**,**
Toronto Comicon 2026,**,**,**,**,**,**
Zenkaikon 2026,**,**,**,**,**,**
Fangaea 2026,**,**,**,**,**,**
MadCon 2026,**,**,**,**,**,**
Armageddon Expo Christchurch 2026,**,**,**,**,**,**
Budapest Comic Con 2026,**,**,**,**,**,**
Sac Comic-Con 2026,**,**,**,**,**,**
Lexington Comic & Toy Convention 2026,**,**,**,**,**,**
Hollywood Comic Con 2026,**,**,**,**,**,**
Amazing Art Expo Oxnard 2026,**,**,**,**,**,**
AnimeSHOW 2026,**,**,**,**,**,**
C2E2 2026,**,**,**,**,**,**
Collective Con 2026,**,**,**,**,**,**
Planet Comicon Kansas City 2026,**,**,**,**,**,**
WonderCon 2026,**,**,**,**,**,**
Blues City Comic Con 2026,**,**,**,**,**,**
MegaCon Live Birmingham 2026,**,**,**,**,**,**
Chill Out Expo 2026,**,**,**,**,**,**
Armageddon Expo Wellington 2026,**,**,**,**,**,**
Creators After Dark 2026,**,**,**,**,**,**
Puerto Rico Comic Con 2026,**,**,**,**,**,**
Oak City Mini Con 2026,**,**,**,**,**,**
Small Press Comics Expo 2026,**,**,**,**,**,**
Collect-A-Con Dallas-Fort Worth 2026,**,**,**,**,**,**
Amazing Art Expo Athens 2026,**,**,**,**,**,**
Amazing Art Expo Long Beach 2026,**,**,**,**,**,**
Astronomicon 2026,**,**,**,**,**,**
CyPhaCon 2026,**,**,**,**,**,**
Kalamazoo Comic-Con 2026,**,**,**,**,**,**
Military HeroCon 2026,**,**,**,**,**,**
Silicon Valley FandomCon 2026,**,**,**,**,**,**
Steel City Con 2026,**,**,**,**,**,**
Comic Arts Maine Portland 2026,**,**,**,**,**,**
CycloneCon 2026,**,**,**,**,**,**
LouisvilleCon 2026,**,**,**,**,**,**
Surf City Comic Con 2026,**,**,**,**,**,**
Arkansas Comic Expo 2026ÊPostponed,**,**,**,**,**,**
FACTS 2026,**,**,**,**,**,**
Midwest Toy and Comic Fest Decatur 2026,**,**,**,**,**,**
Missouri Comic Con 2026,**,**,**,**,**,**
SC Comicon 2026,**,**,**,**,**,**
St Tammany Toy & Comic Con 2026,**,**,**,**,**,**
STAPLE! 2026,**,**,**,**,**,**
Supanova Comic-Con & Gaming - Gold Coast 2025,**,**,**,**,**,**
TimminsCon 2026,**,**,**,**,**,**
Vaca-Con 2026,**,**,**,**,**,**
Kids Con New England (New Hampshire) 2026,**,**,**,**,**,**
Huntsville Comic & Pop Culture Expo 2026,**,**,**,**,**,**
UBCon 2026,**,**,**,**,**,**
Yellow City Comic Convention 2026,**,**,**,**,**,**
Charlie's Epic Con 2026ÊCancelled,**,**,**,**,**,**
FanFest 2026,**,**,**,**,**,**
Kingston Independent Comic Expo 2026,**,**,**,**,**,**
Great Lakes Comic & Anime Fest 2026,**,**,**,**,**,**
Mid Valley Comic Art Expo 2026,**,**,**,**,**,**
Midwest Toy and Comic Fest Springfield 2026,**,**,**,**,**,**
Saluki Con 2026,**,**,**,**,**,**
Southwest Comic Book and Creator Showcase 2026,**,**,**,**,**,**
Supanova Comic-Con & Gaming - Melbourne 2026,**,**,**,**,**,**
Super Jersey Comic Expo 2026ÊCancelled,**,**,**,**,**,**
Geek/Art CONfluence 2026,**,**,**,**,**,**
"Jersey Shore Comic Book ""Spring Fling"" Show 2026",**,**,**,**,**,**
Rain City Comicon 2026,**,**,**,**,**,**
Calgary Expo 2026,**,**,**,**,**,**
Comic Con Portugal 2026,**,**,**,**,**,**
Amazing Art Expo San Jose 2026,**,**,**,**,**,**
Amazing Art Expo Tampa 2026,**,**,**,**,**,**
East European Comic Con 2026,**,**,**,**,**,**
iMagicon 2026,**,**,**,**,**,**
Lake Como Comic Art Festival 2026,**,**,**,**,**,**
Lvl Up Expo 2026,**,**,**,**,**,**
Middle East Film and Comic Con 2026ÊPostponed,**,**,**,**,**,**
Pine State Expo 2026,**,**,**,**,**,**
South Texas Comic Con 2026,**,**,**,**,**,**
Burlington PopCon 2026,**,**,**,**,**,**
2 Rivers Comic Con 2026,**,**,**,**,**,**
Arctic Comic Con 2026,**,**,**,**,**,**
Collect-A-Con Chicago 2026,**,**,**,**,**,**
Colorado Cosmic Con 2026,**,**,**,**,**,**
Cornwall & Area Pop Event 2026,**,**,**,**,**,**
Dallas Comic Show 2026,**,**,**,**,**,**
Four State Comic-Con 2026,**,**,**,**,**,**
Lawton Super Con 2026,**,**,**,**,**,**
Military HeroCon 2026,**,**,**,**,**,**
WesternMassCon 2026,**,**,**,**,**,**
Armageddon Expo Auckland Autumn 2026,**,**,**,**,**,**
Capital Comic Book Convention 2026,**,**,**,**,**,**
Ashika-Con 2026,**,**,**,**,**,**
Bahrain Comic Con 2026ÊCancelled,**,**,**,**,**,**
El Paso Comic Con 2026,**,**,**,**,**,**
Military HeroCon 2026,**,**,**,**,**,**
Northern FanCon 2026,**,**,**,**,**,**
St. Petersburg LibraryCon 2026,**,**,**,**,**,**
Vernon Comic Con 2026,**,**,**,**,**,**
Austria Comic Con 2026,**,**,**,**,**,**
Comic Con Brussels 2026,**,**,**,**,**,**
Comic Con Liverpool 2026,**,**,**,**,**,**
Fellowship of Fandom 2026ÊPostponed,**,**,**,**,**,**
Geek Culture Con 2026,**,**,**,**,**,**
Heart of Texas Comic Con 2026ÊPostponed,**,**,**,**,**,**
Saint Joseph Retro Con 2026,**,**,**,**,**,**
Santa Maria Comic Con & Card Show 2026,**,**,**,**,**,**
Saratoga Comic Con 2026,**,**,**,**,**,**
TriCon 2026,**,**,**,**,**,**
Tupelo Con 2026,**,**,**,**,**,**
Atlanta Comic Convention 2026,**,**,**,**,**,**
PopCon Indy 2026,**,**,**,**,**,**
Bloomsburg Comic Con 2026,**,**,**,**,**,**
Brantford Comic Con 2026,**,**,**,**,**,**
Columbia Comic Book & Toy Expo 2026,**,**,**,**,**,**
"Richmond, VA Comicon 2026",**,**,**,**,**,**
SiestaCon 2026,**,**,**,**,**,**
Collect-A-Con Cleveland 2026,**,**,**,**,**,**
Comic Con Holland 2026,**,**,**,**,**,**
Comic Con Oakland 2026,**,**,**,**,**,**
Fantasy Basel 2026,**,**,**,**,**,**
Motor City Comic Con 2026,**,**,**,**,**,**
Rangerstop & Pop Con 2026,**,**,**,**,**,**
Collect-A-Con Phoenix 2026,**,**,**,**,**,**
Comic Con Revolution 2026,**,**,**,**,**,**
Comic Frontier 2026,**,**,**,**,**,**
Eastern Rim Funny Book & Vintage Con 2026,**,**,**,**,**,**
Rogue Comic Con 2026,**,**,**,**,**,**
Spa-Con 2026,**,**,**,**,**,**
Tidewater Comicon 2026,**,**,**,**,**,**
Military HeroCon 2026,**,**,**,**,**,**
Comic Currents 2026,**,**,**,**,**,**
GraphFix Con 2026,**,**,**,**,**,**
Orangeville ComiCon 2026,**,**,**,**,**,**
MomoCon 2026,**,**,**,**,**,**
Cherry Capital Comic Con 2026,**,**,**,**,**,**
Comic Con Baltics 2026,**,**,**,**,**,**
Comicpalooza 2026,**,**,**,**,**,**
GalaxyCon Oklahoma City 2026,**,**,**,**,**,**
MCM Comic Con London 2026,**,**,**,**,**,**
Thy Geekdom Con 2026,**,**,**,**,**,**
OxfordCon 2026,**,**,**,**,**,**
Wicked Comic Con 2026,**,**,**,**,**,**
Collect-A-Con Orlando 2026,**,**,**,**,**,**
Copenhagen Comics 2026,**,**,**,**,**,**
Quad Cities Comic Con 2026,**,**,**,**,**,**
Colossalcon Prime 2026,**,**,**,**,**,**
Fan Expo Denver 2026,**,**,**,**,**,**
Amazing Las Vegas Comic Con 2026,**,**,**,**,**,**
Collectormania Milton Keynes 2026,**,**,**,**,**,**
Des Moines Con 2026,**,**,**,**,**,**
Fan Expo Philadelphia 2026,**,**,**,**,**,**
GalaxyCon Nashville 2026,**,**,**,**,**,**
Smoky Mountain Fan Fest 2026,**,**,**,**,**,**
Tremendicon 2026,**,**,**,**,**,**
Huron County Comicon 2026,**,**,**,**,**,**
Pop Con 2026,**,**,**,**,**,**
Abilene Comic Con 2026,**,**,**,**,**,**
Big Lick Comic Con NoVa 2026,**,**,**,**,**,**
Hall of Heroes Comic Con 2026,**,**,**,**,**,**
Heroes Comic Con Stockholm Summer 2026,**,**,**,**,**,**
Iron City Comic Con 2026,**,**,**,**,**,**
Military HeroCon 2026,**,**,**,**,**,**
Really Cool Comic Con Toledo 2026,**,**,**,**,**,**
Forest Hills Comic Con 2026,**,**,**,**,**,**
Madison Comic Con 2026,**,**,**,**,**,**
Indiana Comic Convention 2026,**,**,**,**,**,**
Island FanCon 2026,**,**,**,**,**,**
Niagara Falls Comic Con 2026,**,**,**,**,**,**
Phoenix Fan Fusion 2026,**,**,**,**,**,**
Brooklyn Comic Con 2026,**,**,**,**,**,**
Fandom Festival 2026,**,**,**,**,**,**
MNCBA SpringCon 2026,**,**,**,**,**,**
3 Rivers Comicon 2026,**,**,**,**,**,**
Lehigh Valley Comic Convention 2026,**,**,**,**,**,**
Lilac City Comicon 2026,**,**,**,**,**,**
Shinobi Con 2026ÊCancelled,**,**,**,**,**,**
Nerdtacular 2026,**,**,**,**,**,**
East Coast Comic Expo 2026,**,**,**,**,**,**
Idaho Falls Retro X 2026,**,**,**,**,**,**
Heroes Convention 2026,**,**,**,**,**,**
Saline County Comic Expo 2026,**,**,**,**,**,**
Superman Celebration 2026,**,**,**,**,**,**
ToyCon 2026,**,**,**,**,**,**
Urusai Con 2026,**,**,**,**,**,**
605 Pop Culture Con 2026,**,**,**,**,**,**
Collect-A-Con Kansas City 2026,**,**,**,**,**,**
Maryland Pop and Horror Con 2026,**,**,**,**,**,**
Undiscovered Realm Comic Con 2026,**,**,**,**,**,**
Trenton Charity Comic Con 2026,**,**,**,**,**,**
Duke City Retro Con 2026,**,**,**,**,**,**
Pyrkon 2026,**,**,**,**,**,**
Soonercon 2026,**,**,**,**,**,**
Supanova Comic-Con & Gaming - Sydney 2026,**,**,**,**,**,**
Washington State Summer Con 2026,**,**,**,**,**,**
YetiCon 2026,**,**,**,**,**,**
Southside Comic Book Show 2026,**,**,**,**,**,**
Tulsa Nostalgia Con 2026,**,**,**,**,**,**
Upstate NY Comic Con 2026,**,**,**,**,**,**
Collect-A-Con Las Vegas 2026,**,**,**,**,**,**
FiveStar Comic Con - Dayton 2026,**,**,**,**,**,**
Heroes Dutch Comic Con 2026,**,**,**,**,**,**
KW Comic Con 2026,**,**,**,**,**,**
PortConMaine 2026,**,**,**,**,**,**
Fan Expo Anaheim: Special Edition 2026,**,**,**,**,**,**
Mississippi Comic Con 2026,**,**,**,**,**,**
Planet Funk Con 2026,**,**,**,**,**,**
Letchworth Comic Con 2026,**,**,**,**,**,**
Casper Comic Con 2026,**,**,**,**,**,**
Fellowship of Fandom 2026ÊCancelled,**,**,**,**,**,**
Garden State Comic Fest: Summer 2026,**,**,**,**,**,**
Kelowna ComiCon 2026,**,**,**,**,**,**
Supanova Comic-Con & Gaming - Perth 2026,**,**,**,**,**,**
Volunteer Valley Comic Con 2026,**,**,**,**,**,**
Montreal Comiccon 2026,**,**,**,**,**,**
Empire Comic Fest 2026,**,**,**,**,**,**
Florida Supercon 2026,**,**,**,**,**,**
GalaxyCon New Orleans 2026,**,**,**,**,**,**
Hershey Comic Con 2026,**,**,**,**,**,**
Collect-A-Con New Jersey 2026,**,**,**,**,**,**
Odessa Geek Fest 2026,**,**,**,**,**,**
ConnectiCon 2026,**,**,**,**,**,**
Con-Quest 2026,**,**,**,**,**,**
Central Alberta Fanfest 2026,**,**,**,**,**,**
Fanaticcon Ottawa 2026,**,**,**,**,**,**
Tosho-con 2026,**,**,**,**,**,**
Animex 2026,**,**,**,**,**,**
Asia Collectibles Festival 2026,**,**,**,**,**,**
Collect-A-Con Minneapolis 2026,**,**,**,**,**,**
Cowtown Comic Con 2026,**,**,**,**,**,**
Really Cool Comic Con Flint 2026,**,**,**,**,**,**
GalaxyCon Raleigh 2026,**,**,**,**,**,**
Valdosta Comic Con 2026,**,**,**,**,**,**
Fuzioncon 2026,**,**,**,**,**,**
MegaCon Live Manchester 2026ÊPostponed,**,**,**,**,**,**
Metrocon 2026,**,**,**,**,**,**
Armageddon Expo Palmerston North 2026,**,**,**,**,**,**
Collect-A-Con Los Angeles 2026,**,**,**,**,**,**
Enid Comic Con 2026,**,**,**,**,**,**
FarleyCon 2026,**,**,**,**,**,**
MegaCon Live Manchester 2026,**,**,**,**,**,**
Mid-Hudson Comic Con 2026,**,**,**,**,**,**
Liberty Comic Con 2026,**,**,**,**,**,**
TerrifiCon 2026,**,**,**,**,**,**
Charlie's Comic Con Melbourne 2026,**,**,**,**,**,**
Vaughan Con 2026,**,**,**,**,**,**
Wellsboro Comic Con 2026,**,**,**,**,**,**
Nola Comic Con 2026,**,**,**,**,**,**
Oklahoma Comic Con 2026,**,**,**,**,**,**
Chicago MiniCon 2026,**,**,**,**,**,**
Fan Expo Chicago 2026,**,**,**,**,**,**
Collect-A-Con San Antonio 2026,**,**,**,**,**,**
Comic Market 2026,**,**,**,**,**,**
New England FanCon 2026,**,**,**,**,**,**
PCX Austin 2026,**,**,**,**,**,**
VerseCon 2026,**,**,**,**,**,**
Colorado Springs Comic Con 2026,**,**,**,**,**,**
Lafayette Comic Con 2026,**,**,**,**,**,**
Collect-A-Con Charlotte 2026,**,**,**,**,**,**
Tanoshii Con 2026,**,**,**,**,**,**
Westcoast Comic Con 2026,**,**,**,**,**,**
Fan Expo Canada 2026,**,**,**,**,**,**
GalaxyCon San Jose 2026,**,**,**,**,**,**
St. Louis Comic Con 2026,**,**,**,**,**,**
Super Jersey Summer Spectacular 2026,**,**,**,**,**,**
Collect-A-Con Richmond 2026,**,**,**,**,**,**
Tampa Bay Comic Convention 2026,**,**,**,**,**,**
Gconnn 2026,**,**,**,**,**,**
Long Beach Comic Con 2026,**,**,**,**,**,**
Montana Celebrity Comic Con 2026,**,**,**,**,**,**
Worcester Comic Con 2026,**,**,**,**,**,**
Fan Expo Dallas 2026,**,**,**,**,**,**
GalaxyCon Des Moines 2026,**,**,**,**,**,**
Middle East Film and Comic Con 2026,**,**,**,**,**,**
Rose City Comic Con 2026,**,**,**,**,**,**
Collect-A-Con San Francisco 2026,**,**,**,**,**,**
Evansville Raptor Con 2026,**,**,**,**,**,**
Retro Con 2026,**,**,**,**,**,**
Small Press Expo 2026,**,**,**,**,**,**
The Uncanny Experience 2026,**,**,**,**,**,**
Peterborough ComiCon 2026,**,**,**,**,**,**
Arkansas Comic Con 2026,**,**,**,**,**,**
SEMOcon 2026,**,**,**,**,**,**
Epic Mighty Con 2026,**,**,**,**,**,**
Northwest ComicCon - Bellevue 2026,**,**,**,**,**,**
ThunderCon 2026,**,**,**,**,**,**
Granite State Comicon 2026,**,**,**,**,**,**
Just Another Con 2026,**,**,**,**,**,**
Ocala Comic Con 2026,**,**,**,**,**,**
ThunderCon 2026,**,**,**,**,**,**
Extremicon 2026,**,**,**,**,**,**
Columbia Comic Book & Toy Expo 2026,**,**,**,**,**,**
Peli Con 2026,**,**,**,**,**,**
RisuCon 2026,**,**,**,**,**,**
Collect-A-Con Atlanta 2026,**,**,**,**,**,**
Lore Con 2026,**,**,**,**,**,**
NorCon 2026,**,**,**,**,**,**
Zurich Pop Con & Game Show 2026,**,**,**,**,**,**
Queen City Expo 2026,**,**,**,**,**,**
South Alabama Comic Con 2026,**,**,**,**,**,**
Collect-A-Con Chicago 2026,**,**,**,**,**,**
MNCBA FallCon 2026,**,**,**,**,**,**
Carlisle Comic Con 2026,**,**,**,**,**,**
Northwest ComicCon - Portland 2026,**,**,**,**,**,**
Georgia Mountains Charity Comic Con 2026,**,**,**,**,**,**
GalaxyCon St. Louis 2026,**,**,**,**,**,**
Armageddon Expo Auckland Spring 2026,**,**,**,**,**,**
Blue Hen Comic Con 2026,**,**,**,**,**,**
Collect-A-Con Dallas 2026,**,**,**,**,**,**
Capital Comic Book Convention 2026,**,**,**,**,**,**
SC Comicon Fall Editon 2026,**,**,**,**,**,**
DerpyCon 2026,**,**,**,**,**,**
GalaxyCon Milwaukee 2026ÊCancelled,**,**,**,**,**,**
Kansas Comic Con 2026,**,**,**,**,**,**
SoloCon 2026,**,**,**,**,**,**
Cape Con 2026,**,**,**,**,**,**
Rhode Island Comic Con 2026,**,**,**,**,**,**
Chattanooga Comic Con 2026,**,**,**,**,**,**
Collect-A-Con Houston 2026,**,**,**,**,**,**
Comic-Con Brno & Junior 2026,**,**,**,**,**,**
Kids Con New England (Maine) 2026,**,**,**,**,**,**
Illinois Comic Con 2026,**,**,**,**,**,**
St Tammany Toy & Comic Con 2026,**,**,**,**,**,**
Colossalcon North 2026,**,**,**,**,**,**
Superstar Comic Con Savannah 2026,**,**,**,**,**,**
Twin Cities Con 2026,**,**,**,**,**,**
Collect-A-Con New Jersey 2026,**,**,**,**,**,**
Vienna Comic Con 2026,**,**,**,**,**,**
CharlestonCon 2026,**,**,**,**,**,**
SW-FloridaCon 2026,**,**,**,**,**,**
GalaxyCon Columbus 2026,**,**,**,**,**,**
Cajun Con 2026,**,**,**,**,**,**
LouisvilleCon 2026ÊPostponed,**,**,**,**,**,**
